<!DOCTYPE install PUBLIC "-//Joomla! 1.5//DTD component 1.0//EN" "http://joomla.org/xml/dtd/1.5/component-install.dtd">
<install type="component" method="upgrade" version="1.5.0">
	<name>Linkcontest</name>
	<creationDate>2012-08-28</creationDate>
	<author>Daniel Eliasson</author>
	<authorEmail>joomla@stilero.com</authorEmail>
	<authorUrl>http://www.stilero.com</authorUrl>
	<copyright>Copyright (C) 2012 Daniel Eliasson Open Source Matters. All rights reserved.</copyright>	
	<license>http://www.gnu.org/licenses/gpl-2.0.html GNU/GPL</license>
	<version>1.0</version>
	<description>Attract backlinks with contests.</description>
	<media destination="linkcontest" folder="media/linkcontest">
            <folder>images</folder>
            <folder>css</folder>
        </media>
	<install>
            <sql>
                <file driver="mysql" charset="utf8">sql/install.mysql.sql</file>
            </sql>
	</install>
	<uninstall>
            <sql>
                <file driver="mysql" charset="utf8">sql/uninstall.mysql.sql</file>
            </sql>
	</uninstall>
	<files folder="site">
            <filename>linkcontest.php</filename>
            <filename>controller.php</filename>
            <filename>index.html</filename>			
            <filename>router.php</filename>
            <folder>controllers</folder>
            <folder>helpers</folder>
            <folder>models</folder>
            <folder>views</folder>
            <folder>assets</folder>			
	</files>	
	<languages folder="site">
		<language tag="en-GB">language/en-GB.com_linkcontest.ini</language>
	</languages>
	<administration>
		<menu img="../media/linkcontest/images/linkcontest.png" link="index.php?option=com_linkcontest">Linkcontest</menu>
                    <submenu>
                        <menu img="../media/linkcontest/images/competition.png" link="option=com_linkcontest&amp;view=competition">Competition</menu>
                        <menu img="../media/linkcontest/images/contestant.png" link="option=com_linkcontest&amp;view=contestant">Contestant</menu>
                        <menu img="../media/linkcontest/images/winner.png" link="option=com_linkcontest&amp;view=winner">Winner</menu>
                    </submenu>
		<files folder="admin">
                    <filename>config.xml</filename>
                    <filename>admin.linkcontest.php</filename>
                    <filename>controller.php</filename>
                    <filename>index.html</filename>
                    <filename>access.xml</filename>			
                    <folder>assets</folder>
                    <folder>classes</folder>
                    <folder>elements</folder>		
                    <folder>joomla</folder>						
                    <folder>controllers</folder>
                    <folder>helpers</folder>
                    <folder>models</folder>
                    <folder>sql</folder>			
                    <folder>tables</folder>
                    <folder>views</folder>									
		</files>	
            <languages folder="admin">
        	<language tag="en-GB">language/en-GB.com_linkcontest.ini</language>
        	<language tag="en-GB">language/en-GB.com_linkcontest.sys.ini</language>
            </languages>		
	</administration>
</install>